{
  "spectral": {
    "rule_30": {
      "n": 8192,
      "mean_amplitude": 0.004901,
      "std_amplitude": 0.002549,
      "cv": 0.5202,
      "spectral_entropy": 0.9496,
      "top_peaks": [
        [
          0.014807,
          1722
        ],
        [
          0.014649,
          1914
        ],
        [
          0.014527,
          648
        ],
        [
          0.014343,
          1678
        ],
        [
          0.014294,
          805
        ],
        [
          0.014239,
          1350
        ],
        [
          0.014201,
          164
        ],
        [
          0.014162,
          2790
        ],
        [
          0.014135,
          3394
        ],
        [
          0.014023,
          3353
        ]
      ],
      "percentiles": {
        "p25": 0.002967,
        "p50": 0.004648,
        "p75": 0.006481,
        "p95": 0.009419
      }
    },
    "rule_45": {
      "n": 8192,
      "mean_amplitude": 0.004905,
      "std_amplitude": 0.002539,
      "cv": 0.5177,
      "spectral_entropy": 0.9501,
      "top_peaks": [
        [
          0.018162,
          2533
        ],
        [
          0.0157,
          3695
        ],
        [
          0.015162,
          1023
        ],
        [
          0.015083,
          2745
        ],
        [
          0.01465,
          3357
        ],
        [
          0.014555,
          3211
        ],
        [
          0.014144,
          2425
        ],
        [
          0.014038,
          4018
        ],
        [
          0.013927,
          1735
        ],
        [
          0.013925,
          384
        ]
      ],
      "percentiles": {
        "p25": 0.002966,
        "p50": 0.004642,
        "p75": 0.006515,
        "p95": 0.009556
      }
    },
    "rule_90": {
      "n": 8192,
      "mean_amplitude": 0.000122,
      "std_amplitude": 0.0,
      "cv": 0.0,
      "spectral_entropy": 1.0,
      "top_peaks": [
        [
          0.000122,
          4095
        ],
        [
          0.000122,
          4094
        ],
        [
          0.000122,
          4093
        ],
        [
          0.000122,
          4092
        ],
        [
          0.000122,
          4091
        ],
        [
          0.000122,
          4090
        ],
        [
          0.000122,
          4089
        ],
        [
          0.000122,
          4088
        ],
        [
          0.000122,
          4087
        ],
        [
          0.000122,
          4086
        ]
      ],
      "percentiles": {
        "p25": 0.000122,
        "p50": 0.000122,
        "p75": 0.000122,
        "p95": 0.000122
      }
    },
    "rule_110": {
      "n": 8192,
      "mean_amplitude": 0.001919,
      "std_amplitude": 0.005117,
      "cv": 2.6659,
      "spectral_entropy": 0.5171,
      "top_peaks": [
        [
          0.113605,
          2337
        ],
        [
          0.096228,
          1166
        ],
        [
          0.093462,
          3513
        ],
        [
          0.086697,
          1171
        ],
        [
          0.085794,
          1165
        ],
        [
          0.073853,
          3508
        ],
        [
          0.069074,
          1177
        ],
        [
          0.066134,
          2336
        ],
        [
          0.064072,
          1176
        ],
        [
          0.060884,
          5
        ]
      ],
      "percentiles": {
        "p25": 0.000527,
        "p50": 0.000945,
        "p75": 0.001815,
        "p95": 0.004892
      }
    },
    "rule_22": {
      "n": 8192,
      "mean_amplitude": 0.000155,
      "std_amplitude": 7.5e-05,
      "cv": 0.4833,
      "spectral_entropy": 0.9631,
      "top_peaks": [
        [
          0.000244,
          1
        ],
        [
          0.000244,
          2
        ],
        [
          0.000244,
          3
        ],
        [
          0.000244,
          4
        ],
        [
          0.000244,
          5
        ],
        [
          0.000244,
          6
        ],
        [
          0.000244,
          7
        ],
        [
          0.000244,
          8
        ],
        [
          0.000244,
          9
        ],
        [
          0.000244,
          10
        ]
      ],
      "percentiles": {
        "p25": 9.3e-05,
        "p50": 0.000173,
        "p75": 0.000226,
        "p95": 0.000243
      }
    },
    "random": {
      "n": 8192,
      "mean_amplitude": 0.004898,
      "std_amplitude": 0.002555,
      "cv": 0.5216,
      "spectral_entropy": 0.9491,
      "top_peaks": [
        [
          0.015517,
          2842
        ],
        [
          0.015356,
          444
        ],
        [
          0.015238,
          1581
        ],
        [
          0.014879,
          3350
        ],
        [
          0.014699,
          1864
        ],
        [
          0.014684,
          1083
        ],
        [
          0.014485,
          130
        ],
        [
          0.014335,
          2481
        ],
        [
          0.014195,
          1225
        ],
        [
          0.014094,
          1583
        ]
      ],
      "percentiles": {
        "p25": 0.002947,
        "p50": 0.004594,
        "p75": 0.006498,
        "p95": 0.009522
      }
    }
  },
  "mutual_information": {
    "rule_30_b4_g0": {
      "mi": 0.0177,
      "nmi": 0.0044,
      "h_a": 3.9985,
      "h_b": 3.9985
    },
    "rule_30_b4_g4": {
      "mi": 0.0224,
      "nmi": 0.0056,
      "h_a": 3.9985,
      "h_b": 3.9985
    },
    "rule_30_b4_g16": {
      "mi": 0.0198,
      "nmi": 0.0049,
      "h_a": 3.9986,
      "h_b": 3.9985
    },
    "rule_30_b6_g0": {
      "mi": 0.4127,
      "nmi": 0.0688,
      "h_a": 5.9948,
      "h_b": 5.9947
    },
    "rule_30_b6_g4": {
      "mi": 0.4127,
      "nmi": 0.0688,
      "h_a": 5.9947,
      "h_b": 5.9947
    },
    "rule_30_b6_g16": {
      "mi": 0.4004,
      "nmi": 0.0668,
      "h_a": 5.9948,
      "h_b": 5.9947
    },
    "rule_30_b8_g0": {
      "mi": 3.0736,
      "nmi": 0.3852,
      "h_a": 7.9794,
      "h_b": 7.9792
    },
    "rule_30_b8_g4": {
      "mi": 3.0853,
      "nmi": 0.3867,
      "h_a": 7.9793,
      "h_b": 7.9791
    },
    "rule_30_b8_g16": {
      "mi": 3.0947,
      "nmi": 0.3879,
      "h_a": 7.9794,
      "h_b": 7.9791
    },
    "rule_45_b4_g0": {
      "mi": 0.0256,
      "nmi": 0.0064,
      "h_a": 3.9975,
      "h_b": 3.9975
    },
    "rule_45_b4_g4": {
      "mi": 0.0156,
      "nmi": 0.0039,
      "h_a": 3.9975,
      "h_b": 3.9975
    },
    "rule_45_b4_g16": {
      "mi": 0.0231,
      "nmi": 0.0058,
      "h_a": 3.9975,
      "h_b": 3.9976
    },
    "rule_45_b6_g0": {
      "mi": 0.3944,
      "nmi": 0.0658,
      "h_a": 5.991,
      "h_b": 5.991
    },
    "rule_45_b6_g4": {
      "mi": 0.3937,
      "nmi": 0.0657,
      "h_a": 5.991,
      "h_b": 5.991
    },
    "rule_45_b6_g16": {
      "mi": 0.4035,
      "nmi": 0.0673,
      "h_a": 5.991,
      "h_b": 5.991
    },
    "rule_45_b8_g0": {
      "mi": 3.047,
      "nmi": 0.3823,
      "h_a": 7.9693,
      "h_b": 7.9692
    },
    "rule_45_b8_g4": {
      "mi": 3.0823,
      "nmi": 0.3868,
      "h_a": 7.9693,
      "h_b": 7.9692
    },
    "rule_45_b8_g16": {
      "mi": 3.0787,
      "nmi": 0.3863,
      "h_a": 7.9693,
      "h_b": 7.9692
    },
    "rule_90_b4_g0": {
      "mi": 0.0,
      "nmi": 0.0,
      "h_a": 0.0018,
      "h_b": -0.0
    },
    "rule_90_b4_g4": {
      "mi": 0.0,
      "nmi": 0.0,
      "h_a": 0.0018,
      "h_b": -0.0
    },
    "rule_90_b4_g16": {
      "mi": 0.0,
      "nmi": 0.0,
      "h_a": 0.0018,
      "h_b": -0.0
    },
    "rule_90_b6_g0": {
      "mi": 0.0,
      "nmi": 0.0,
      "h_a": 0.0018,
      "h_b": -0.0
    },
    "rule_90_b6_g4": {
      "mi": 0.0,
      "nmi": 0.0,
      "h_a": 0.0018,
      "h_b": -0.0
    },
    "rule_90_b6_g16": {
      "mi": 0.0,
      "nmi": 0.0,
      "h_a": 0.0018,
      "h_b": -0.0
    },
    "rule_90_b8_g0": {
      "mi": 0.0,
      "nmi": 0.0,
      "h_a": 0.0018,