{
  "compensated_binary": 19.484784884201506,
  "compensated_digits": 0.9347886402659279,
  "true_random": 0.0,
  "binary_1": 105.96689028318801,
  "best_random": 11.417282842531973
}