{
  "definition_analysis": {
    "slot_variance": {
      "X (определяемое)": 0.27734375,
      "A (прилагательное)": 0.4044321329639889,
      "Y (переопределение)": 0.12222222222222222,
      "V (глагол)": 0.34389348025711663,
      "Z (без чего)": 0.26297577854671284
    }
  },
  "template_scores": {
    "where": 1.2857142857142858,
    "definition": 1.736842105263158,
    "fragment": 0.5,
    "question": 0.8,
    "simile": 0.0,
    "between": 0.0
  }
}