{
  "N=3": {
    "hardest": [
      [
        0.3333332121212127,
        [
          7,
          14
        ],
        0.5238095151515152
      ],
      [
        0.3333332727272724,
        [
          9,
          18
        ],
        0.4074074141414142
      ],
      [
        0.33333333333333215,
        [
          6,
          12
        ],
        0.7222222222222223
      ],
      [
        0.33333333333333215,
        [
          8,
          16
        ],
        0.5416666666666667
      ],
      [
        0.33333333333333304,
        [
          2,
          4
        ],
        0.6666666666666667
      ],
      [
        0.33333333333333304,
        [
          4,
          8
        ],
        0.6666666666666667
      ],
      [
        0.33333333333333304,
        [
          5,
          10
        ],
        0.4666666666666667
      ],
      [
        0.33333333333333304,
        [
          10,
          20
        ],
        0.3666666666666667
      ],
      [
        0.33333333333333326,
        [
          1,
          2
        ],
        0.6666666666666667
      ],
      [
        0.33333333333333326,
        [
          3,
          6
        ],
        0.22222222222222224
      ]
    ],
    "threshold": 0.3333333333333333,
    "total_configs": 190,
    "min_loneliness": 0.3333332121212127,
    "conjecture_holds": true
  },
  "N=4": {
    "hardest": [
      [
        0.25,
        [
          1,
          2,
          3
        ],
        0.25
      ],
      [
        0.25,
        [
          2,
          4,
          6
        ],
        0.125
      ],
      [
        0.25,
        [
          3,
          6,
          9
        ],
        0.25
      ],
      [
        0.25,
        [
          4,
          8,
          12
        ],
        0.3125
      ],
      [
        0.25,
        [
          5,
          10,
          15
        ],
        0.05
      ],
      [
        0.25,
        [
          6,
          12,
          18
        ],
        0.125
      ],
      [
        0.2857141818181814,
        [
          4,
          12,
          16
        ],
        0.39285715151515155
      ],
      [
        0.28571418181818187,
        [
          4,
          6,
          10
        ],
        0.5714285454545455
      ],
      [
        0.2857141818181823,
        [
          3,
          9,
          12
        ],
        0.5238095151515152
      ],
      [
        0.2857142222222222,
        [
          2,
          4,
          12
        ],
        0.6428571111111111
      ]
    ],
    "threshold": 0.25,
    "total_configs": 1140,
    "min_loneliness": 0.25,
    "conjecture_holds": true
  },
  "N=5": {
    "hardest": [
      [
        0.19999999999999996,
        [
          1,
          2,
          3,
          4
        ],
        0.2
      ],
      [
        0.19999999999999996,
        [
          2,
          4,
          6,
          8
        ],
        0.1
      ],
      [
        0.19999999999999996,
        [
          3,
          6,
          9,
          12
        ],
        0.2
      ],
      [
        0.19999999999999996,
        [
          4,
          8,
          12,
          16
        ],
        0.05
      ],
      [
        0.20000000000000018,
        [
          1,
          3,
          4,
          7
        ],
        0.6
      ],
      [
        0.20000000000000018,
        [
          2,
          6,
          8,
          14
        ],
        0.3
      ],
      [
        0.20000000000000018,
        [
          5,
          10,
          15,
          20
        ],
        0.32
      ],
      [
        0.22222189898989964,
        [
          4,
          12,
          16,
          20
        ],
        0.3888888686868687
      ],
      [
        0.22222208080808148,
        [
          3,
          4,
          7,
          11
        ],
        0.8888888686868688
      ],
      [
        0.22222212121212337,
        [
          3,
          9,
          12,
          15
        ],
        0.8148148080808082
      ]
    ],
    "threshold": 0.2,
    "total_configs": 4845,
    "min_loneliness": 0.19999999999999996,
    "conjecture_holds": true
  },
  "N=6": {
    "hardest": [
      [
        0.1666666262626264,
        [
          2,
          4,
          6,
          8,
          10
        ],
        0.5833333131313132
      ],
      [
        0.1666666666666643,
        [
          3,
          6,
          9,
          12,
          15
        ],
        0.7222222222222223
      ],
      [
        0.16666666666666666,
        [
          1,
          2,
          3,
          4,
          5
        ],
        0.16666666666666666
      ],
      [
        0.16666666666666666,
        [
          1,
          3,
          4,
          5,
          9
        ],
        0.16666666666666666
      ],
      [
        0.18181802020202031,
        [
          2,
          6,
          8,
          10,
          14
        ],
        0.7272727474747475
      ],
      [
        0.1818180808080807,
        [
          1,
          4,
          5,
          6,
          7
        ],
        0.36363638383838387
      ],
      [
        0.18181812121212193,
        [
          1,
          2,
          3,
          5,
          8
        ],
        0.7272727070707072
      ],
      [
        0.18181818181818166,
        [
          1,
          2,
          3,
          4,
          10
        ],
        0.18181818181818182
      ],
      [
        0.18181818181818166,
        [
          1,
          3,
          4,
          5,
          7
        ],
        0.45454545454545453
      ],
      [
        0.18181818181818166,
        [
          1,
          3,
          4,
          7,
          10
        ],
        0.18181818181818182
      ]
    ],
    "threshold": 0.16666666666666666,
    "total_configs": 3003,
    "min_loneliness": 0.1666666262626264,
    "conjecture_holds": true
  }
}