{
  "polynomial": {
    "1": 0.10588235294117647,
    "2": 0.16078431372549018,
    "3": 0.22549019607843138,
    "4": 0.2607843137254902,
    "5": 1.0,
    "6": 1.0,
    "7": 1.0,
    "8": 1.0
  },
  "decision_tree": {
    "1": 0.6083333333333333,
    "2": 0.6166666666666667,
    "3": 0.6375,
    "4": 0.6583333333333333,
    "5": 0.6854166666666667,
    "6": 0.7177083333333333,
    "7": 0.6989583333333333,
    "8": 0.7770833333333333,
    "9": 0.7927083333333333,
    "10": 0.8395833333333333,
    "11": 0.8052083333333333,
    "12": 0.8479166666666667,
    "13": 0.8395833333333333,
    "14": 0.84375,
    "15": 0.871875,
    "16": 0.865625,
    "17": 0.8625,
    "18": 0.896875,
    "19": 0.8791666666666667,
    "20": 0.8927083333333333,
    "21": 0.8958333333333334,
    "22": 0.9104166666666667,
    "23": 0.896875,
    "24": 0.9041666666666667,
    "25": 0.9177083333333333,
    "26": 0.9375,
    "27": 0.925,
    "28": 0.9125,
    "29": 0.9375,
    "30": 0.9333333333333333,
    "31": 0.925,
    "32": 0.94375,
    "33": 0.9395833333333333,
    "34": 0.9291666666666667,
    "35": 0.94375,
    "36": 0.9416666666666667,
    "37": 0.9479166666666666,
    "38": 0.9354166666666667,
    "39": 0.9375,
    "40": 0.9375,
    "41": 0.9416666666666667,
    "42": 0.925,
    "43": 0.9416666666666667,
    "44": 0.9270833333333334,
    "45": 0.9479166666666666,
    "46": 0.9333333333333333,
    "47": 0.9333333333333333,
    "48": 0.93125,
    "49": 0.95,
    "50": 0.9333333333333333,
    "51": 0.9375,
    "52": 0.9458333333333333
  },
  "threshold": {
    "1": 0.5,
    "2": 0.578125,
    "3": 0.5828125,
    "4": 0.6385416666666667,
    "5": 0.6786458333333333,
    "6": 0.7072916666666667,
    "7": 0.7109375,
    "8": 0.7401041666666667,
    "9": 0.7401041666666667,
    "10": 0.7911458333333333,
    "11": 0.8197916666666667,
    "12": 0.8046875,
    "13": 0.8151041666666666,
    "14": 0.825,
    "15": 0.8427083333333333,
    "16": 0.8661458333333333,
    "17": 0.8625,
    "18": 0.8713541666666667,
    "19": 0.8848958333333333,
    "20": 0.8848958333333333,
    "21": 0.9177083333333333,
    "22": 0.9036458333333334
  },
  "params": {
    "p": 17,
    "degree": 4,
    "n_features": 6,
    "tree_depth": 3,
    "n_trials": 30
  }
}